<application>
  <component name="FindSettings">
    <option name="customScope" value="All Places" />
    <option name="defaultScopeName" value="All Places" />
    <option name="localCaseSensitive" value="true" />
    <option name="localWholeWordsOnly" value="true" />
    <option name="LOCAL_CASE_SENSITIVE_SEARCH" value="true" />
    <option name="LOCAL_WHOLE_WORDS_ONLY" value="true" />
    <option name="SEARCH_SCOPE" value="All Places" />
    <mask>*.inc</mask>
    <mask>*.php4</mask>
    <mask>*.php5</mask>
    <mask>*.module</mask>
    <mask>*.phtml</mask>
    <mask>*.hphp</mask>
    <mask>*.ctp</mask>
    <mask>*.*</mask>
    <mask>*.po</mask>
    <mask>*.twig</mask>
    <mask>*.conf</mask>
    <mask>*.php</mask>
    <mask>*.scss</mask>
    <mask>*.xml</mask>
    <mask>*.css</mask>
    <mask>*.shtml</mask>
    <mask>*.shtm</mask>
    <mask>*.ng</mask>
    <mask>*.htm</mask>
    <mask>*.sht</mask>
    <mask>*.html</mask>
    <mask>*.ats</mask>
    <mask>*.ts</mask>
    <mask>*.cjs</mask>
    <mask>*.js</mask>
    <mask>*.tsx</mask>
  </component>
</application>