<application>
  <component name="ApplicationTasksOptions">
    <TaskOptions isEnabled="false">
      <option name="arguments" value="compile $FilePath$" />
      <option name="checkSyntaxErrors" value="true" />
      <option name="description" />
      <option name="exitCodeBehavior" value="ERROR" />
      <option name="fileExtension" value="scss" />
      <option name="immediateSync" value="true" />
      <option name="name" value="Compass SCSS" />
      <option name="output" value="$ProjectFileDir$/content/css" />
      <option name="outputFilters">
        <array />
      </option>
      <option name="outputFromStdout" value="false" />
      <option name="program" value="C:/Ruby25-x64/bin/compass.bat" />
      <option name="runOnExternalChanges" value="true" />
      <option name="scopeName" value="Project Files" />
      <option name="trackOnlyRoot" value="true" />
      <option name="workingDir" value="$ProjectFileDir$" />
      <envs />
    </TaskOptions>
    <TaskOptions isEnabled="false">
      <option name="arguments" value="--no-cache --update $FileName$:$FileNameWithoutExtension$.css" />
      <option name="checkSyntaxErrors" value="true" />
      <option name="description" />
      <option name="exitCodeBehavior" value="ERROR" />
      <option name="fileExtension" value="scss" />
      <option name="immediateSync" value="true" />
      <option name="name" value="SCSS" />
      <option name="output" value="$FileNameWithoutExtension$.css:$FileNameWithoutExtension$.css.map" />
      <option name="outputFilters">
        <array />
      </option>
      <option name="outputFromStdout" value="false" />
      <option name="program" value="C:/Ruby25-x64/bin/compass.bat" />
      <option name="runOnExternalChanges" value="true" />
      <option name="scopeName" value="Project Files" />
      <option name="trackOnlyRoot" value="true" />
      <option name="workingDir" value="$FileDir$" />
      <envs />
    </TaskOptions>
    <TaskOptions isEnabled="true">
      <option name="arguments" value="--style compressed --compass --no-cache --update $FileName$:$FileNameWithoutExtension$.css" />
      <option name="checkSyntaxErrors" value="true" />
      <option name="description" />
      <option name="exitCodeBehavior" value="ERROR" />
      <option name="fileExtension" value="sass" />
      <option name="immediateSync" value="true" />
      <option name="name" value="Sass" />
      <option name="output" value="$FileNameWithoutExtension$.css:$FileNameWithoutExtension$.css.map" />
      <option name="outputFilters">
        <array />
      </option>
      <option name="outputFromStdout" value="false" />
      <option name="program" value="C:/Ruby25-x64/bin/sass.bat" />
      <option name="runOnExternalChanges" value="true" />
      <option name="scopeName" value="Project Files" />
      <option name="trackOnlyRoot" value="true" />
      <option name="workingDir" value="$FileDir$" />
      <envs />
    </TaskOptions>
    <TaskOptions isEnabled="true">
      <option name="arguments" value="compile $FileName$" />
      <option name="checkSyntaxErrors" value="true" />
      <option name="description" />
      <option name="exitCodeBehavior" value="ERROR" />
      <option name="fileExtension" value="sass" />
      <option name="immediateSync" value="true" />
      <option name="name" value="Compass Sass" />
      <option name="output" value="$ProjectFileDir$/ispring_bitrix/content/css" />
      <option name="outputFilters">
        <array />
      </option>
      <option name="outputFromStdout" value="false" />
      <option name="program" value="C:/Ruby25-x64/bin/compass.bat" />
      <option name="runOnExternalChanges" value="true" />
      <option name="scopeName" value="Project Files" />
      <option name="trackOnlyRoot" value="true" />
      <option name="workingDir" value="C:/projects/ispring-bitrix.local/ispring" />
      <envs />
    </TaskOptions>
  </component>
</application>